date_utc,headline,summary_80w,region,country,category,subtopic,capacity_MW,storage_MWh,project_stage,tariff_or_price_local,tariff_or_price_usd,entities,location,effective_date,impact_score_1to5,tags,source_name,source_url,reliability,notes
2026-01-15,Torrent Power picks L&T to build India’s largest pumped hydro storage facility,"Torrent Power has contracted Larsen &#038; Toubro to construct a 3GW pumped hydro energy storage (PHES) plant in Maharashtra, India.",India,IN,market,,0,0,NA,,,[],"{'state_or_länder': '', 'city': '', 'grid_zone': ''}",2026-01-15,3,"['utility-scale', 'storage']",Energy Storage News,https://www.energy-storage.news/torrent-power-picks-lt-to-build-indias-largest-pumped-hydro-storage-facility/,trade,
2026-01-15,BlackRock-backed Akaysha Energy weighs funding options for battery storage expansion,"BlackRock-backed developer Akaysha Energy is reportedly considering options to raise additional funds, including selling a minority stake, to support the expansion of its battery energy storage operations.",Global,,tech,,0,0,NA,,,[],"{'state_or_länder': '', 'city': '', 'grid_zone': ''}",2026-01-15,3,"['utility-scale', 'storage']",Energy Storage News,https://www.energy-storage.news/blackrock-backed-akaysha-energy-weighs-funding-options-for-battery-storage-expansion/,trade,
2026-01-15,Australia: ASL unveils dual-track LTESA strategy as solar-battery hybrids reshape NSW energy market,ASL has launched a consultation on a new Hybrid Generation LTESA product alongside its 2026 NSW Consumer Trustee Investment Priorities.,Global,,policy,,0,0,NA,,,[],"{'state_or_länder': '', 'city': '', 'grid_zone': ''}",2026-01-15,3,"['utility-scale', 'PV+BESS', 'PV', 'storage']",Energy Storage News,https://www.energy-storage.news/australia-asl-unveils-dual-track-ltesa-strategy-as-solar-battery-hybrids-reshape-nsw-energy-market/,trade,
2026-01-15,Battery storage costs fall 11-16% as Australia’s CSIRO maps least-cost route to net zero,"While coal and gas power plants grapple with cost increases, Australia's battery storage sector delivers a different story, with costs plummeting across all durations.",Global,,tech,,0,0,NA,,,[],"{'state_or_länder': '', 'city': '', 'grid_zone': ''}",2026-01-15,3,"['utility-scale', 'storage']",Energy Storage News,https://www.energy-storage.news/battery-storage-costs-fall-11-16-as-australias-csiro-maps-least-cost-route-to-net-zero/,trade,
2026-01-14,Solar dominated renewables workforce in 2024 – IRENA,"Solar dominated employment in the renewable energy sector in 2024, accounting for over 40% of the global renewables workforce, the most of any sector.",Global,,market,,0,0,NA,,,[],"{'state_or_länder': '', 'city': '', 'grid_zone': ''}",2026-01-14,3,"['utility-scale', 'PV']",PV-Tech,https://www.pv-tech.org/solar-dominated-renewables-workforce-in-2024-irena/,trade,
2026-01-14,"Lightsource bp, Toyota sign virtual PPA for 231MW Jones City 2 solar PV farm",Lightsource bp has signed a virtual PPA with Toyota Motor North America to sell electricity generated at its 231MW Jones City 2 solar farm.,Global,,market,,0,0,NA,,,[],"{'state_or_länder': '', 'city': '', 'grid_zone': ''}",2026-01-14,3,"['utility-scale', 'PV']",PV-Tech,https://www.pv-tech.org/lightsource-bp-toyota-sign-231mw-virtual-ppa-jones-city-2-solar-pv-farm/,trade,
2026-01-14,US court rules DOE cancellation of US$7.5 billion of clean energy grants unlawful,The US District Court of the District of Columbia has ruled that the Department of Energy’s (DOE) cancellation of awarded project grants constituted a violation of the Fifth Amendment’s guarantee of equal protection of the laws.,Global,,tender,,0,0,NA,,,[],"{'state_or_länder': '', 'city': '', 'grid_zone': ''}",2026-01-14,3,['utility-scale'],PV-Tech,https://www.pv-tech.org/us-court-rules-doe-cancellation-of-us7-5-billion-of-clean-energy-grants-unlawful/,trade,
2026-01-14,DNV: MENA to add 860GW new solar PV by 2040,DNV has forecast that the Middle East and North Africa (MENA) region will add 860GW of new solar PV by 2040.,Global,,market,,0,0,NA,,,[],"{'state_or_länder': '', 'city': '', 'grid_zone': ''}",2026-01-14,3,"['utility-scale', 'PV']",PV-Tech,https://www.pv-tech.org/dnv-mena-to-add-860gw-new-solar-pv-by-2040/,trade,
2026-01-14,Eging PV’s struggles reflect profitability challenges for Chinese solar producers,"Analysis: As Eging PV comes under pressure to repay investment in an incomplete manufacturing facility, China’s solar manufacturers face an uphill struggle to put recent challenges behind them.",Global,,market,,0,0,NA,,,[],"{'state_or_länder': '', 'city': '', 'grid_zone': ''}",2026-01-14,3,"['utility-scale', 'PV']",PV-Tech,https://www.pv-tech.org/eging-pvs-struggles-reflect-profitability-challenges-for-chinese-solar-producers/,trade,
2026-01-14,Chinese solar imports and batteries drive 2.4GW of new solar deployment in Africa in 2025,"Africa added 2.4GW of new solar PV capacity in 2025, an accomplishment dubbed by AFSIA CEO John van Zuylen as 'very positive'.",Global,,market,,0,0,NA,,,[],"{'state_or_länder': '', 'city': '', 'grid_zone': ''}",2026-01-14,3,"['utility-scale', 'PV']",PV-Tech,https://www.pv-tech.org/chinese-solar-imports-batteries-2-4gw-new-solar-deployment-africa-2025/,trade,
2026-01-14,Stellar PV unveils concept for 2GW Australian ingot and wafer facility,Australian start-up Stellar PV has released early details of the solar ingot and wafer facility it plans to build in the state of Queensland.,Global,,market,,0,0,NA,,,[],"{'state_or_länder': '', 'city': '', 'grid_zone': ''}",2026-01-14,3,"['utility-scale', 'PV']",PV-Tech,https://www.pv-tech.org/stellar-pv-unveils-concept-for-2gw-australian-ingot-and-wafer-facility/,trade,
2026-01-14,"Synergy awarded greenlight for 2GW wind, solar and battery storage site in Western Australia","SynergyRED, a wholly owned subsidiary of Synergy, has secured environmental approval for a 2GW solar, wind and battery energy storage system (BESS) project in Western Australia.",Global,,tender,,0,0,NA,,,[],"{'state_or_länder': '', 'city': '', 'grid_zone': ''}",2026-01-14,3,"['utility-scale', 'wind', 'PV', 'storage']",PV-Tech,https://www.pv-tech.org/synergy-awarded-greenlight-for-2gw-wind-solar-and-battery-storage-site-in-western-australia/,trade,
2026-01-14,New South Wales breaks 1TWh solar generation barrier as Australia’s renewables output surges in December 2025,"Australia’s utility-scale solar PV and wind assets collectively generated 5,420GWh in December 2025, a 19% increase from the previous year’s 4,551GWh, according to Rystad Energy.",Global,,market,,0,0,NA,,,[],"{'state_or_länder': '', 'city': '', 'grid_zone': ''}",2026-01-14,3,"['utility-scale', 'wind', 'PV']",PV-Tech,https://www.pv-tech.org/new-south-wales-breaks-1twh-solar-generation-barrier-as-australias-renewables-output-surges-in-december-2025/,trade,
2026-01-14,Standardisation is making US BESS an easy target for cyberattacks,"Energy-Storage.news Premium speaks with Phil Tonkin, field chief technology officer at Dragos, and Dr. Peter Fox-Penner, a Brattle principal, on BESS cybersecurity.",Global,,tech,,0,0,NA,,,[],"{'state_or_länder': '', 'city': '', 'grid_zone': ''}",2026-01-14,3,"['utility-scale', 'storage']",Energy Storage News,https://www.energy-storage.news/standardisation-is-making-us-bess-an-easy-target-for-cyberattacks/,trade,
2026-01-14,Neoen and French TSO to trial grid-forming services with retrofitted BESS,"IPP Neoen will provide Réseau de Transport d’Electricité (RTE) with grid-forming function from a BESS project in Brittany, France.",Global,,project,,0,0,NA,,,[],"{'state_or_länder': '', 'city': '', 'grid_zone': ''}",2026-01-14,3,"['utility-scale', 'storage']",Energy Storage News,https://www.energy-storage.news/neoen-and-french-tso-to-trial-grid-forming-services-with-retrofitted-bess/,trade,
2026-01-14,Eolian and CyrusOne team up to deploy Texas data centre at site of 100MW BESS,"Data centre developer CyrusOne and independent power producer (IPP) Eolian have announced the deployment of a 200MW data centre campus at a pre-existing grid-scale battery energy storage system (BESS) site in Fort Worth, Texas, US.",Global,,tech,,0,0,NA,,,[],"{'state_or_länder': '', 'city': '', 'grid_zone': ''}",2026-01-14,3,"['utility-scale', 'storage']",Energy Storage News,https://www.energy-storage.news/eolian-and-cyrusone-team-up-to-deploy-texas-data-centre-at-site-of-100mw-bess/,trade,
2026-01-14,"Tesla and Sungrow top bankability report ratings, as integrators threaten to outperform cell suppliers","Tesla and Sungrow continue to top the Battery StorageTech Bankability Ratings Report, which also shows how revenue, profitability and shipments are trending in the industry, writes Solar Media Market Research analyst Joe Hennessy.",Global,,tech,,0,0,NA,,,[],"{'state_or_länder': '', 'city': '', 'grid_zone': ''}",2026-01-14,3,"['utility-scale', 'PV', 'storage']",Energy Storage News,https://www.energy-storage.news/tesla-and-sungrow-top-bankability-report-ratings-as-integrators-threaten-to-outperform-cell-suppliers/,trade,
2026-01-14,HD Renewable Energy puts energy storage at centre of 2026 ‘overseas expansion year’ strategy,"Taiwan-headquartered developer and services provider HD Renewable Energy (HDRE) is targeting further overseas expansion in 2026, with energy storage set to play a major role.",Global,,market,,0,0,NA,,,[],"{'state_or_länder': '', 'city': '', 'grid_zone': ''}",2026-01-14,3,"['utility-scale', 'storage']",Energy Storage News,https://www.energy-storage.news/hd-renewable-energy-puts-energy-storage-at-centre-of-2026-overseas-expansion-year-strategy/,trade,
2026-01-14,Who’s driving the 300GWh boom in demand for AI data centre battery storage?,"With the global AI data centre boom already here and growing rapidly, HiTHIUM brings products and strategies to help solve its significant energy challenges.",Global,,tech,,0,0,NA,,,[],"{'state_or_länder': '', 'city': '', 'grid_zone': ''}",2026-01-14,3,"['utility-scale', 'storage']",Energy Storage News,https://www.energy-storage.news/whos-driving-the-300gwh-boom-in-demand-for-ai-data-centre-battery-storage/,trade,
2026-01-13,UNSW: Solar module encapsulant materials and quality of construction affect damp heat performance,The use of POE as an encapsulant in TOPCon module construction could limit the effects of degradation on the module’s electricity generation.,Global,,project,,0,0,NA,,,[],"{'state_or_länder': '', 'city': '', 'grid_zone': ''}",2026-01-13,3,"['utility-scale', 'PV']",PV-Tech,https://www.pv-tech.org/unsw-solar-module-encapsulant-materials-quality-construction-affect-damp-heat-performance/,trade,
2026-01-13,India solar PV additions up 54.7% in ‘record’ 2025,"India added 37.9GW of new solar PV capacity in 2025, a 54.7% increase compared with 2024 installations and a historical record, according to JMK Research.",India,IN,market,,0,0,NA,,,[],"{'state_or_länder': '', 'city': '', 'grid_zone': ''}",2026-01-13,3,"['utility-scale', 'PV']",PV-Tech,https://www.pv-tech.org/india-solar-pv-additions-up-54-7-in-record-2025/,trade,
2026-01-13,EDP commissions Portugal’s first hydropower-solar hybrid project,"Portuguese utility EDP has begun operations on a hybrid solar and hydropower project in Portugal, the first of its kind in the country.",Global,,project,,0,0,NA,,,[],"{'state_or_länder': '', 'city': '', 'grid_zone': ''}",2026-01-13,3,"['utility-scale', 'PV+BESS', 'PV']",PV-Tech,https://www.pv-tech.org/edp-commissions-portugals-first-hydropower-solar-hybrid-project/,trade,
2026-01-13,India’s solar manufacturing take-off: growth prospects at home and abroad,"As headwinds emerge in India's home and overseas markets, Shantanu Roy explores how the solar manufacturing sector can sustain itself.",India,IN,market,,0,0,NA,,,[],"{'state_or_länder': '', 'city': '', 'grid_zone': ''}",2026-01-13,3,"['utility-scale', 'PV']",PV-Tech,https://www.pv-tech.org/indias-solar-manufacturing-take-off-growth-prospects-at-home-abroad/,trade,
2026-01-13,Aspen Power raises US$200 million for US solar pipeline,US distributed generation platform Aspen Power has raised US$200 million in capital to support 'growth initiatives' across the US.,Global,,market,,0,0,NA,,,[],"{'state_or_länder': '', 'city': '', 'grid_zone': ''}",2026-01-13,3,"['utility-scale', 'PV']",PV-Tech,https://www.pv-tech.org/aspen-power-raises-us200-million-us-solar-pipeline/,trade,
2026-01-13,Luma Energy connects 90MW solar PV plant in Puerto Rico,Transmission and distribution network manager Luma Energy has connected the 90MW Ciro 1 solar PV project to the Puerto Rican grid.,Global,,project,,0,0,NA,,,[],"{'state_or_länder': '', 'city': '', 'grid_zone': ''}",2026-01-13,3,"['utility-scale', 'PV']",PV-Tech,https://www.pv-tech.org/luma-energy-connects-90mw-solar-pv-plant-in-puerto-rico/,trade,
2026-01-13,BII invests to ‘help attract capital into climate-responsible projects’ via Vietnam’s first green bond,"The British International Investment (BII), has committed US$20 million to Vietnamese lender HDBank's inaugural green bond programme.",Global,,project,,0,0,NA,,,[],"{'state_or_länder': '', 'city': '', 'grid_zone': ''}",2026-01-13,3,['utility-scale'],PV-Tech,https://www.pv-tech.org/bii-invests-to-help-attract-capital-into-climate-responsible-projects-via-vietnams-first-green-bond/,trade,
2026-01-13,"Illinois signs clean energy bill, will drive investments for solar PV, battery storage and VPPs","The Governor of Illinois, JB Pritzker, has signed a clean energy bill into law that will boost solar PV and energy storage investments in the state, among others.",Global,,tech,,0,0,NA,,,[],"{'state_or_länder': '', 'city': '', 'grid_zone': ''}",2026-01-13,3,"['utility-scale', 'PV', 'storage']",Energy Storage News,https://www.energy-storage.news/illinois-signs-clean-energy-bill-will-drive-investments-for-solar-pv-battery-storage-and-vpps/,trade,
2026-01-13,"505MWh BESS commissioned in Bulgaria, 2.2GWh progressed elsewhere in Europe","Another busy week of large-scale BESS project news across Europe, led by CountourGlobal putting a 202MW/505MWh BESS into commercial operation in Bulgaria.",Europe,EU,project,,0,0,NA,,,[],"{'state_or_länder': '', 'city': '', 'grid_zone': ''}",2026-01-13,3,"['utility-scale', 'storage']",Energy Storage News,https://www.energy-storage.news/505mwh-bess-commissioned-in-bulgaria-2-2gwh-progressed-elsewhere-in-europe/,trade,
2026-01-13,Developer Noveria talks BESS industry successes and challenges: ‘community acceptance is generally good’,The managing director of Bluestar Energy Capital's European BESS platform Noveria Energy gave a Q&#038;A to Energy-Storage.news ahead of the Energy Storage Summit 2026 in London next month.,Europe,EU,market,,0,0,NA,,,[],"{'state_or_länder': '', 'city': '', 'grid_zone': ''}",2026-01-13,3,"['utility-scale', 'storage']",Energy Storage News,https://www.energy-storage.news/developer-noveria-talks-bess-industry-successes-and-challenges-community-acceptance-is-generally-good/,trade,
2026-01-13,Batteries ‘the only technology’ that can keep pace with AI data centre power fluctuations,"Battery storage is the technology best suited to handling the power fluctuations that AI training loads can create at data centres, ESN Premium has heard.",Global,,tech,,0,0,NA,,,[],"{'state_or_länder': '', 'city': '', 'grid_zone': ''}",2026-01-13,3,"['utility-scale', 'storage']",Energy Storage News,https://www.energy-storage.news/batteries-only-technology-that-can-keep-pace-with-ai-data-centre-power-fluctuations/,trade,
2026-01-13,Another record-breaking year for UK battery storage as 4GWh comes online,"The UK grid-scale battery storage market grew 45% in 2025, with 4GWh coming online during the year, bringing total operational capacity to 12.9GWh.",Global,,tech,,0,0,NA,,,[],"{'state_or_länder': '', 'city': '', 'grid_zone': ''}",2026-01-13,3,"['utility-scale', 'storage']",Energy Storage News,https://www.energy-storage.news/another-record-breaking-year-for-uk-battery-storage-as-4gwh-comes-online/,trade,
2026-01-13,"South Australia leads AU$14,271/MW battery storage revenue surge in NEM’s first week of 2026","Aurora Energy Research has released its latest battery storage performance data, showing mixed revenue for storage across Australia's NEM.",Global,,tech,,0,0,NA,,,[],"{'state_or_länder': '', 'city': '', 'grid_zone': ''}",2026-01-13,3,"['utility-scale', 'storage']",Energy Storage News,https://www.energy-storage.news/south-australia-leads-au14271-mw-battery-storage-revenue-surge-in-nems-first-week-of-2026/,trade,
2026-01-13,Horizon Power seeks federal approval for 239MWh solar-plus-storage site in Western Australia,"Horizon Power has submitted an application under Australia's Environment Protection and Biodiversity Conservation (EPBC) Act for a 239MWh battery energy storage system (BESS) in Broome, Western Australia.",Global,,tech,,0,0,NA,,,[],"{'state_or_länder': '', 'city': '', 'grid_zone': ''}",2026-01-13,3,"['utility-scale', 'PV', 'storage']",Energy Storage News,https://www.energy-storage.news/horizon-power-seeks-federal-approval-for-239mwh-solar-plus-storage-site-in-western-australia/,trade,
2026-01-12,Masdar inks 150MW solar PPA in Angola,UAE state-run renewables developer Masdar has signed a power purchase agreement for a 150MW solar PV project in Angola.,Global,,project,,0,0,NA,,,[],"{'state_or_länder': '', 'city': '', 'grid_zone': ''}",2026-01-12,3,"['utility-scale', 'PV']",PV-Tech,https://www.pv-tech.org/masdar-inks-150mw-solar-ppa-in-angola/,trade,
2026-01-12,Scatec inks PPA for 1.95GW solar/3.9GWh BESS in Egypt,Norwegian independent power producer Scatec has signed a power purchase agreement for 1.95GW of PV and 3.9GWh of BESS capacity in Egypt.,Global,,market,,0,0,NA,,,[],"{'state_or_länder': '', 'city': '', 'grid_zone': ''}",2026-01-12,3,"['utility-scale', 'PV', 'storage']",PV-Tech,https://www.pv-tech.org/scatec-inks-ppa-for-1-95gw-solar-3-9gwh-bess-in-egypt/,trade,
2026-01-12,Chinese solar irradiance up to 20% higher in 2025 than historical averages,Parts of China saw Global Horizontal Irradiation (GHI) reach 20% more than the long-term average (LTA) figures in 2025.,Global,,market,,0,0,NA,,,[],"{'state_or_länder': '', 'city': '', 'grid_zone': ''}",2026-01-12,3,"['utility-scale', 'PV']",PV-Tech,https://www.pv-tech.org/chinese-solar-irradiance-20-higher-2025-than-historical-averages-solargis/,trade,
2026-01-12,Nextpower to open 12GW solar PV tracker Saudi facility in Q2 2026,"Solar PV solutions provider Nextpower has finalised its Saudi joint venture formation, Nextpower Arabia, which is building a manufacturing facility in the country.",Global,,market,,0,0,NA,,,[],"{'state_or_länder': '', 'city': '', 'grid_zone': ''}",2026-01-12,3,"['utility-scale', 'PV']",PV-Tech,https://www.pv-tech.org/nextpower-to-open-12gw-solar-pv-tracker-saudi-facility-in-q2-2026/,trade,
2026-01-12,Comstock secures final permits for Nevada solar recycling facility,US metals firm Comstock has completed all the necessary permits to build a solar module recycling facility in Nevada.,Global,,tech,,0,0,NA,,,[],"{'state_or_länder': '', 'city': '', 'grid_zone': ''}",2026-01-12,3,"['utility-scale', 'PV']",PV-Tech,https://www.pv-tech.org/comstock-secures-final-permits-for-nevada-solar-recycling-facility/,trade,
2026-01-12,NEM Data Spotlight: December 2025 sets new benchmarks for solar generation and pricing,"December 2025 saw record solar generation in Australia's NEM, with rooftop and utility-scale solar surging, but pricing volatility persisted.",Global,,market,,0,0,NA,,,[],"{'state_or_länder': '', 'city': '', 'grid_zone': ''}",2026-01-12,3,"['utility-scale', 'PV']",PV-Tech,https://www.pv-tech.org/nem-data-spotlight-december-2025-sets-new-benchmarks-for-solar-generation-and-pricing/,trade,
2026-01-12,Energy storage fleet mitigated 2TWh of renewables curtailment in Chile in 2025,Curtailment of solar PV and wind continued to increase in Chile last year and passed 6TWh according to the Chilean renewable energy and energy storage association ACERA.,Global,,grid,,0,0,NA,,,[],"{'state_or_länder': '', 'city': '', 'grid_zone': ''}",2026-01-12,3,"['utility-scale', 'wind', 'PV', 'storage']",Energy Storage News,https://www.energy-storage.news/energy-storage-fleet-mitigated-2twh-of-renewables-curtailment-in-chile-in-2025/,trade,
2026-01-12,Year in Review: Analytics provider TWAICE on 2025’s BESS industry ‘wake-up call’ and operationalising data in 2026,"Lennart Hinrichs at TWAICE, discusses how the industry’s approach to battery analytics is changing, as part of our annual Year in Review series.",Global,,tech,,0,0,NA,,,[],"{'state_or_länder': '', 'city': '', 'grid_zone': ''}",2026-01-12,3,"['utility-scale', 'storage']",Energy Storage News,https://www.energy-storage.news/year-in-review-analytics-provider-twaice-on-2025s-bess-industry-wake-up-call-and-operationalising-data-in-2026/,trade,
2026-01-11,Gamuda Australia to lead ECI phase of Yanara’s 450MW solar-plus-storage project in Victoria,Yanara has selected Gamuda Australia as the project delivery partner for the early contractor involvement phase of the Mortlake Energy Hub in Victoria.,Global,,project,,0,0,NA,,,[],"{'state_or_länder': '', 'city': '', 'grid_zone': ''}",2026-01-11,4,"['utility-scale', 'PV', 'storage']",PV-Tech,https://www.pv-tech.org/gamuda-australia-to-lead-eci-phase-of-yanaras-450mw-solar-plus-storage-project-in-victoria/,trade,
2026-01-09,Solar-plus-storage and federal policy to drive investment tax credit trends in 2026,PV Tech Premium spoke with Crux on the trends to look forward in 2026 in the clean energy transferable tax credit market.,Global,,policy,,0,0,NA,,,[],"{'state_or_länder': '', 'city': '', 'grid_zone': ''}",2026-01-09,4,"['utility-scale', 'PV', 'storage']",PV-Tech,https://www.pv-tech.org/solar-plus-storage-federal-policy-drive-investment-tax-credit-trends-2026/,trade,
2026-01-09,China’s Ministry of Finance to remove export tax rebates for solar PV products in April 2026,The Chinese Ministry of Finance and the Taxation Administration issued an adjustment of export rebate policies for solar PV products and other items.,Global,,market,,0,0,NA,,,[],"{'state_or_länder': '', 'city': '', 'grid_zone': ''}",2026-01-09,3,"['utility-scale', 'PV']",PV-Tech,https://www.pv-tech.org/chinas-ministry-of-finance-to-remove-export-tax-rebates-for-solar-pv-products-in-april-2026/,trade,
2026-01-09,Chinese polysilicon leaders warned off coordination over monopoly concerns,China’s market supervision body has warned of monopoly risks in the plans to consolidate the country’s polysilicon sector.,Global,,market,,0,0,NA,,,[],"{'state_or_länder': '', 'city': '', 'grid_zone': ''}",2026-01-09,3,['utility-scale'],PV-Tech,https://www.pv-tech.org/chinese-polysilicon-leaders-warned-off-coordination-over-monopoly-concerns/,trade,
2026-01-09,US withdrawal from UN climate bodies will have limited impact on solar PV,"The US has withdrawn from a number of UN climate organisations, including the Framework Convention on Climate Change, International Renewable Energy Agency (IRENA) and Intergovernmental Panel on Climate Change.",Global,,market,,0,0,NA,,,[],"{'state_or_länder': '', 'city': '', 'grid_zone': ''}",2026-01-09,3,"['utility-scale', 'PV']",PV-Tech,https://www.pv-tech.org/us-withdrawal-from-un-climate-bodies-will-have-limited-impact-on-solar-pv/,trade,
2026-01-09,"Illinois signs clean energy bill, will drive investments for solar PV, battery storage and VPPs","The Governor of Illinois, JB Pritzker, has signed a clean energy bill into law that will boost solar PV and energy storage investments in the state, among others.",Global,,tech,,0,0,NA,,,[],"{'state_or_länder': '', 'city': '', 'grid_zone': ''}",2026-01-09,3,"['utility-scale', 'PV', 'storage']",PV-Tech,https://www.pv-tech.org/illinois-signs-clean-energy-bill-will-drive-investments-for-solar-pv-battery-storage-and-vpps/,trade,
2026-01-09,Terra-Gen puts 129MW/515MWh BESS in operation at California solar PV complex,"Jointly owned by Masdar and Igneo Infrastructure Partners, independent power producer (IPP) Terra-Gen’s Lockhart CL I and II battery energy storage system (BESS) projects have reached commercial operations in San Bernardino County, California, US.",Global,,project,,0,0,NA,,,[],"{'state_or_länder': '', 'city': '', 'grid_zone': ''}",2026-01-09,3,"['utility-scale', 'PV', 'storage']",Energy Storage News,https://www.energy-storage.news/terra-gen-puts-129mw-515mwh-bess-in-operation-at-california-solar-pv-complex/,trade,
2026-01-09,"German large-scale BESS projects have built industry confidence, but FCA, grid and revenue challenges remain","2025 saw genuinely large-scale BESS projects start construction in Germany, strengthening confidence among stakeholders. But significant challenges remain around grid connection, connection agreements and access to revenue streams, an operator said.",Germany,DE,project,,0,0,NA,,,[],"{'state_or_länder': '', 'city': '', 'grid_zone': ''}",2026-01-09,3,"['utility-scale', 'storage']",Energy Storage News,https://www.energy-storage.news/german-large-scale-bess-projects-have-built-industry-confidence-but-fca-grid-and-revenue-challenges-remain/,trade,
2026-01-09,"Year in Review: Sodium-ion startup Alsym on supply chains, safety and scale","Mukesh Chatter, CEO of US sodium-ion battery startup Alsym, on the prospects for non-lithium alternative technologies in 2026 and beyond.",Global,,tech,,0,0,NA,,,[],"{'state_or_länder': '', 'city': '', 'grid_zone': ''}",2026-01-09,3,"['utility-scale', 'storage']",Energy Storage News,https://www.energy-storage.news/year-in-review-sodium-ion-startup-alsym-on-supply-chains-safety-and-scale/,trade,
2026-01-09,Australia’s battery storage fleet ‘facing challenges in extreme heatwave conditions’,Javier Savolainen of Wärtsilä explains how Australia's battery storage and pumped hydro fleet have been impacted by the current heatwave.,Global,,tech,,0,0,NA,,,[],"{'state_or_länder': '', 'city': '', 'grid_zone': ''}",2026-01-09,3,"['utility-scale', 'storage']",Energy Storage News,https://www.energy-storage.news/australias-battery-storage-fleet-facing-challenges-in-extreme-heatwave-conditions/,trade,
2026-01-09,"Gamuda lands ECI contract for 2,400MWh Mortlake solar-plus-storage site in Australia",Yanara has appointed Gamuda Australia as the project delivery partner for the early contractor involvement (ECI) phase of the Mortlake Energy Hub in Victoria.,Global,,project,,0,0,NA,,,[],"{'state_or_länder': '', 'city': '', 'grid_zone': ''}",2026-01-09,3,"['utility-scale', 'PV', 'storage']",Energy Storage News,https://www.energy-storage.news/gamuda-lands-eci-contract-for-2400mwh-mortlake-solar-plus-storage-site-in-australia/,trade,
2026-01-08,Adapture Renewables bags US$233 million for 441MW PV portfolio,US renewables developer Adapture Renewables has secured US$233 million in tax equity from US Bank to support its 441MW Titanium solar PV project portfolio.,Global,,project,,0,0,NA,,,[],"{'state_or_länder': '', 'city': '', 'grid_zone': ''}",2026-01-08,4,"['utility-scale', 'PV']",PV-Tech,https://www.pv-tech.org/adapture-renewables-bags-us233-million-for-441mw-pv-portfolio/,trade,
2026-01-08,"US COMMUNITY SOLAR ROUND-UP: Project updates from ENGIE and Ampion, Reactivate and Pivot Energy","ENGIE and Ampion added new solar capacity, Reactivate plans to build on landfill sites and Pivot has completed the first phase of a portfolio.",Global,,project,,0,0,NA,,,[],"{'state_or_länder': '', 'city': '', 'grid_zone': ''}",2026-01-08,3,"['utility-scale', 'PV']",PV-Tech,https://www.pv-tech.org/us-community-solar-round-up-project-updates-engie-ampion-reactivate-pivot-energy/,trade,
2026-01-08,"Energy storage alleviated solar PV, wind curtailment increase in Chile in 2025","Curtailment of solar PV and wind has continued to increase in Chile last year and passed 6TWh, up 8% year-on-year, according to trade body, the Chilean renewable energy and energy storage association (ACERA).",Global,,grid,,0,0,NA,,,[],"{'state_or_länder': '', 'city': '', 'grid_zone': ''}",2026-01-08,3,"['utility-scale', 'wind', 'PV', 'storage']",PV-Tech,https://www.pv-tech.org/energy-storage-alleviated-solar-pv-wind-curtailment-increase-in-chile-in-2025/,trade,
2026-01-08,Canadian Solar seeks US$200 million to back US manufacturing,Solar manufacturing major Canadian Solar is looking to raise US$200 million in convertible senior note sales to support its US manufacturing operations,Global,,market,,0,0,NA,,,[],"{'state_or_länder': '', 'city': '', 'grid_zone': ''}",2026-01-08,3,"['utility-scale', 'PV']",PV-Tech,https://www.pv-tech.org/canadian-solar-seeks-us200-million-to-back-us-manufacturing/,trade,
2026-01-08,Pacific Hydro begins commercial operations at 293MW solar-plus-storage plant in Chile,Renewables developer Pacific Hydro has started commercial operations at its 293MW/220MWh solar-plus-storage project in Chile.,Global,,project,,0,0,NA,,,[],"{'state_or_länder': '', 'city': '', 'grid_zone': ''}",2026-01-08,3,"['utility-scale', 'PV', 'storage']",PV-Tech,https://www.pv-tech.org/pacific-hydro-begins-commercial-operations-at-293mw-solar-plus-storage-plant-in-chile/,trade,
2026-01-08,"SunPower, REC Group sign development agreement to build US residential solar panels","SunPower and the REC Group have unveiled a new 470W solar panel, dubbed 'Monolith', which is designed for use in the US residential sector.",Global,,market,,0,0,NA,,,[],"{'state_or_länder': '', 'city': '', 'grid_zone': ''}",2026-01-08,3,"['utility-scale', 'PV']",PV-Tech,https://www.pv-tech.org/sunpower-rec-group-development-agreement-us-residential-solar-panels/,trade,
2026-01-08,"US V2G specialist Nuvve’s BESS pivot yields projects and partnerships in Japan, Europe and US","US vehicle-to-grid (V2G) tech startup Nuvve has revealed stationary storage projects and partnerships in Asia, North America and Europe as the company broadens its focus.",Europe,EU,project,,0,0,NA,,,[],"{'state_or_länder': '', 'city': '', 'grid_zone': ''}",2026-01-08,3,"['utility-scale', 'storage']",Energy Storage News,https://www.energy-storage.news/us-v2g-specialist-nuvves-bess-pivot-yields-projects-and-partnerships-in-japan-europe-and-us/,trade,
2026-01-08,"NB Power issues REOI for 50MW Canadian BESS, Boralex commissions 320MWh Ontario project","News from Canada, as NB Power issues a request for expressions of interest for 50MW of energy storage, while Boralex commissions its energy storage project with Walpole Island First Nation.",Global,,project,,0,0,NA,,,[],"{'state_or_länder': '', 'city': '', 'grid_zone': ''}",2026-01-08,3,"['utility-scale', 'storage']",Energy Storage News,https://www.energy-storage.news/nb-power-issues-reoi-for-50mw-canadian-bess-boralex-commissions-320mwh-ontario-project/,trade,
2026-01-08,Greenflash Infrastructure safe harbours over 10GWh of Li-ion energy storage in US,"H.I.G. Capital-backed energy platform, Greenflash Infrastructure, has Safe Harboured more than 10GWh of lithium-ion (Li-ion) energy storage capacity.",Global,,market,,0,0,NA,,,[],"{'state_or_länder': '', 'city': '', 'grid_zone': ''}",2026-01-08,3,"['utility-scale', 'storage']",Energy Storage News,https://www.energy-storage.news/greenflash-infrastructure-safe-harbours-over-10gwh-of-li-ion-energy-storage-in-us/,trade,
2026-01-08,"Year in Review: Hithium expects BESS market segmentation by application, not geography, in 2026","Giriraj Rathore, senior director of global business development at Hithium, discusses market and technology development dynamics as part of our annual Q&#038;A series.",Global,,tech,,0,0,NA,,,[],"{'state_or_länder': '', 'city': '', 'grid_zone': ''}",2026-01-08,3,"['utility-scale', 'storage']",Energy Storage News,https://www.energy-storage.news/year-in-review-hithium-expects-bess-market-segmentation-by-application-not-geography-in-2026/,trade,
2026-01-08,Germany grants €46 million for sodium-chloride solid-state battery factory,Australia-based battery technology firm Altech Batteries has received a binding conditional funding approval for a sodium-chloride solid-state battery manufacturing facility in Germany.,Germany,DE,tech,,0,0,NA,,,[],"{'state_or_länder': '', 'city': '', 'grid_zone': ''}",2026-01-08,3,"['utility-scale', 'storage']",Energy Storage News,https://www.energy-storage.news/germany-grants-e46-million-for-sodium-chloride-solid-state-battery-factory/,trade,
2026-01-08,Malaysia: Energy Commission shortlists bidders in 1.6GWh ‘landmark’ BESS programme,Four projects have been selected in Peninsular Malaysia’s first programme to build large-scale battery energy storage system (BESS) facilities.,Global,,tender,,0,0,NA,,,[],"{'state_or_länder': '', 'city': '', 'grid_zone': ''}",2026-01-08,3,"['utility-scale', 'storage']",Energy Storage News,https://www.energy-storage.news/malaysia-energy-commission-shortlists-bidders-in-1-6gwh-landmark-bess-programme/,trade,
2026-01-08,1.2GWh of energy storage submitted for EPBC Act approval across Australia,"Three battery energy storage system (BESS) developments across Australia have been submitted to the Environment Protection and Biodiversity Conservation (EPBC) Act, representing a combined capacity of 1,220MWh.",Global,,tech,,0,0,NA,,,[],"{'state_or_länder': '', 'city': '', 'grid_zone': ''}",2026-01-08,3,"['utility-scale', 'storage']",Energy Storage News,https://www.energy-storage.news/1-2gwh-of-energy-storage-submitted-for-epbc-act-approval-across-australia/,trade,
2026-01-07,"HASI, Sunrun joint venture targets 300MW of residential renewable energy capacity",Investor HASI and residential solar and storage developer Sunrun have announced a joint venture to finance 300MW of renewable energy capacity.,Global,,market,,0,0,NA,,,[],"{'state_or_länder': '', 'city': '', 'grid_zone': ''}",2026-01-07,4,"['utility-scale', 'PV', 'storage']",PV-Tech,https://www.pv-tech.org/hasi-sunrun-announce-joint-venture-300mw-residential-renewable-energy-capacity/,trade,
2026-01-07,Toyo secures US-sourced polysilicon,Japanese cell and module manufacturer Toyo Solar has secured a supply agreement to source US-made polysilicon capacity.,Global,,tech,,0,0,NA,,,[],"{'state_or_länder': '', 'city': '', 'grid_zone': ''}",2026-01-07,3,"['utility-scale', 'PV']",PV-Tech,https://www.pv-tech.org/toyo-secures-us-sourced-polysilicon/,trade,
2026-01-07,"Inox Clean Energy’s latest INR31 billion equity targets IPP portfolio, manufacturing expansion",Indian independent power producer Inox Clean Energy and its subsidiary Inox Solar have tied up equity totalling INR31 billion (US$340 million).,India,IN,market,,0,0,NA,,,[],"{'state_or_länder': '', 'city': '', 'grid_zone': ''}",2026-01-07,3,"['utility-scale', 'PV']",PV-Tech,https://www.pv-tech.org/inox-clean-energys-latest-inr31-billion-equity-targets-ipp-portfolio-and-manufacturing-expansion/,trade,
2026-01-07,Thicker aluminium oxide layer is ‘dominant parameter’ in limiting TOPCon UVID degradation,"The inclusion of a thicker aluminium oxide layer in TOPCon solar cells could provide superior resistance to UVID, according to UNSW.",Global,,market,,0,0,NA,,,[],"{'state_or_länder': '', 'city': '', 'grid_zone': ''}",2026-01-07,3,"['utility-scale', 'PV']",PV-Tech,https://www.pv-tech.org/thicker-aluminium-oxide-layer-dominant-parameter-limiting-topcon-uvid-degradation/,trade,
2026-01-07,Pattern Energy acquires Cordelio Power’s 1.5GW renewables portfolio,Renewables firm Pattern Energy has entered into a definitive agreement to acquire independent power producer Cordelio Power.,Global,,market,,0,0,NA,,,[],"{'state_or_länder': '', 'city': '', 'grid_zone': ''}",2026-01-07,3,['utility-scale'],PV-Tech,https://www.pv-tech.org/pattern-energy-acquires-cordelio-powers-1-5gw-renewables-portfolio/,trade,
2026-01-07,Pilot Energy pivots Western Australian solar project to hybrid BESS in AU$10.75 million deal,"Oil and gas explorer Pilot Energy has entered into a binding head of agreement with SN Energy Australia for the joint development of a new solar-plus-storage project at Three Springs, Western Australia.",Global,,project,,0,0,NA,,,[],"{'state_or_länder': '', 'city': '', 'grid_zone': ''}",2026-01-07,3,"['utility-scale', 'PV+BESS', 'PV', 'storage']",PV-Tech,https://www.pv-tech.org/pilot-energy-pivots-western-australian-solar-project-to-hybrid-bess-in-au10-75-million-deal/,trade,
2026-01-07,"ROUNDUP: Texas BESS updates from SolarMax, Energy Vault, Engie, and Spearmint","A roundup of updates on BESS projects from SolarMax, Energy Vault, Engie, and Spearmint in the Electric Reliability Council of Texas (ERCOT) market.",Global,,project,,0,0,NA,,,[],"{'state_or_länder': '', 'city': '', 'grid_zone': ''}",2026-01-07,3,"['utility-scale', 'storage']",Energy Storage News,https://www.energy-storage.news/roundup-texas-bess-updates-from-solarmax-energy-vault-engie-and-spearmint/,trade,
2026-01-07,"Battery storage fire in Upstate New York involved unauthorised system, mayor says","On 19 December, a fire occurred at energy storage developer Convergent Energy &#038; Power’s Church Street Battery Storage Facility in Warwick, New York, US.",Global,,tech,,0,0,NA,,,[],"{'state_or_länder': '', 'city': '', 'grid_zone': ''}",2026-01-07,3,"['utility-scale', 'storage']",Energy Storage News,https://www.energy-storage.news/battery-storage-fire-in-upstate-new-york-involved-unauthorised-system-mayor-says/,trade,
2026-01-07,"IPO updates from Chinese firms: EVE Energy re-files for HKEX, Fox ESS updates prospectus","Fresh off the New Year holiday, Chinese energy storage companies have rolled out successive updates on their IPO progress.",Global,,market,,0,0,NA,,,[],"{'state_or_länder': '', 'city': '', 'grid_zone': ''}",2026-01-07,3,"['utility-scale', 'storage']",Energy Storage News,https://www.energy-storage.news/ipo-updates-from-chinese-firms-eve-energy-re-files-for-hkex-fox-ess-updates-prospectus/,trade,
2026-01-07,CMBlu positions its ‘Organic’ flow batteries as lithium alternative for US hyperscaler demand,"Energy-Storage.news Premium speaks with Giovanni Damato, redox flow battery developer CMBlu's North American President, about using its technology to help meet energy demands.",Global,,tech,,0,0,NA,,,[],"{'state_or_länder': '', 'city': '', 'grid_zone': ''}",2026-01-07,3,"['utility-scale', 'storage']",Energy Storage News,https://www.energy-storage.news/cmblu-positions-organic-flow-batteries-as-lithium-alternative-for-us-hyperscaler-demand/,trade,
2026-01-07,Western Australia prioritises long-duration energy storage in latest clean energy funding round,"Western Australia has launched the fourth round of its Clean Energy Innovation Grants programme, prioritising long-duration energy storage.",Global,,market,,0,0,NA,,,[],"{'state_or_länder': '', 'city': '', 'grid_zone': ''}",2026-01-07,3,"['utility-scale', 'storage']",Energy Storage News,https://www.energy-storage.news/western-australia-prioritises-long-duration-energy-storage-in-latest-clean-energy-funding-round/,trade,
2026-01-07,"Australia’s 1,770MWh Eraring Battery 1 commences commercial operations","Origin Energy has announced the commercial commencement of the 1,770MWh Eraring Battery 1 in New South Wales, Australia.",Global,,tech,,0,0,NA,,,[],"{'state_or_länder': '', 'city': '', 'grid_zone': ''}",2026-01-07,3,"['utility-scale', 'storage']",Energy Storage News,https://www.energy-storage.news/australias-1770mwh-eraring-battery-1-commences-commercial-operations/,trade,
2026-01-06,World’s first gigawatt-hour-scale flow battery project goes into operation in China,Technology provider Dalian Rongke Power (Rongke Power) and infrastructure developer China Three Gorges Corporation (CTG) have brought online the world’s first gigawatt-hour-scale flow battery energy storage project.,Global,,project,,0,0,NA,,,[],"{'state_or_länder': '', 'city': '', 'grid_zone': ''}",2026-01-06,5,"['utility-scale', 'storage']",Energy Storage News,https://www.energy-storage.news/worlds-first-gigawatt-hour-scale-flow-battery-project-goes-into-operation-in-china/,trade,
2026-01-06,China to introduce stronger IP protections for solar PV,The Chinese government has released a range of policy measures to strengthen intellectual property (IP) protections in the country’s solar PV industry.,Global,,policy,,0,0,NA,,,[],"{'state_or_länder': '', 'city': '', 'grid_zone': ''}",2026-01-06,4,"['utility-scale', 'PV']",PV-Tech,https://www.pv-tech.org/china-to-introduce-stronger-ip-protections-for-solar-pv/,trade,
2026-01-06,Seven-bank syndicate backs Potentia Energy’s AU$830 million renewables expansion in Australia,Potentia Energy has raised AU$830 million in portfolio financing to support its renewable energy operations and development across Australia.,Global,,market,,0,0,NA,,,[],"{'state_or_länder': '', 'city': '', 'grid_zone': ''}",2026-01-06,3,['utility-scale'],PV-Tech,https://www.pv-tech.org/seven-bank-syndicate-backs-potentia-energys-au830-million-renewables-expansion-in-australia/,trade,
2026-01-06,Trinasolar secures solar PV module and tracker supply deals with ACWA Power,Leading Chinese module manufacturer Trinasolar has announced two new agreements with ACWA Power for projects in Saudi Arabia.,Global,,project,,0,0,NA,,,[],"{'state_or_länder': '', 'city': '', 'grid_zone': ''}",2026-01-06,3,"['utility-scale', 'PV']",PV-Tech,https://www.pv-tech.org/trinasolar-secures-module-tracker-supply-deals-acwa-power/,trade,
2026-01-06,200MW Colombian PV project given environmental green light,The Colombian National Environmental Licensing Authority (ANLA) has granted environmental approval to a 200MW solar PV project in the Chiriguaná area of Northern Colombia.,Global,,project,,0,0,NA,,,[],"{'state_or_länder': '', 'city': '', 'grid_zone': ''}",2026-01-06,3,"['utility-scale', 'PV']",PV-Tech,https://www.pv-tech.org/200mw-colombian-pv-project-given-environmental-green-light/,trade,
2026-01-06,Consumers Energy starts operations at 250MW Michigan solar PV project,"US utility Consumers Energy has started operations at its 250MW Muskegon solar PV project, its largest in the US state of Michigan.",Global,,project,,0,0,NA,,,[],"{'state_or_länder': '', 'city': '', 'grid_zone': ''}",2026-01-06,3,"['utility-scale', 'PV']",PV-Tech,https://www.pv-tech.org/consumers-energy-starts-operations-250mw-michigan-solar-pv-project/,trade,
2026-01-06,UNSW: Up to one-fifth of solar PV modules degrade 1.5 times faster than average,"Up to one-fifth of solar PV modules degrade 1.5 times faster than average, according to new research from the University of New South Wales.",Global,,tech,,0,0,NA,,,[],"{'state_or_länder': '', 'city': '', 'grid_zone': ''}",2026-01-06,3,"['utility-scale', 'PV']",PV-Tech,https://www.pv-tech.org/unsw-up-to-one-fifth-solar-pv-modules-degrade-1-5-times-faster-than-average/,trade,
2026-01-06,SolarMax secures two EPC agreements for 400MWh total BESS capacity in Puerto Rico,"Solar company SolarMax Technology’s wholly owned subsidiary, SolarMax Renewable Energy Provider, has entered into two engineering, procurement and construction (EPC) agreements for battery energy storage systems (BESS) in Puerto Rico.",Global,,project,,0,0,NA,,,[],"{'state_or_länder': '', 'city': '', 'grid_zone': ''}",2026-01-06,3,"['utility-scale', 'PV', 'storage']",Energy Storage News,https://www.energy-storage.news/solarmax-secures-two-epc-agreements-for-400mwh-total-bess-capacity-in-puerto-rico/,trade,
2026-01-06,Utilities SRP and ED3 seeking offtake deal for esVolta’s newly-approved 3.2GWh Arizona BESS,"The Board of Supervisors (BoS) for Arizona’s Pinal County has given the go-ahead to developer and IPP esVolta to construct 3.2GWh BESS within its unincorporated territory, and two utilities are in talks to procure some of its capacity.",Global,,market,,0,0,NA,,,[],"{'state_or_länder': '', 'city': '', 'grid_zone': ''}",2026-01-06,3,"['utility-scale', 'storage']",Energy Storage News,https://www.energy-storage.news/utilities-srp-and-ed3-seeking-offtake-deal-for-esvoltas-newly-approved-3-2gwh-arizona-bess/,trade,
2026-01-06,"2025 concludes with 1.5GWh+ of European BESS project completions, financing and supply deals","It's our first week back to normal service so here's a roundup of the past few weeks of BESS action in Europe, with projects moving forward in Romania, Denmark, UK, France, Spain, Albania, Germany and Austria.",Germany,DE,project,,0,0,NA,,,[],"{'state_or_länder': '', 'city': '', 'grid_zone': ''}",2026-01-06,3,"['utility-scale', 'storage']",Energy Storage News,https://www.energy-storage.news/2025-concludes-with-1-5gwh-of-european-bess-project-completions-financing-and-supply-deals/,trade,
2026-01-06,India’s biggest solar manufacturer Waaree raises funds toward 20GWh energy storage factory,An energy storage subsidiary of Waaree Energies has raised INR10 billion (US$110.9 million) for a planned manufacturing plant in India.,India,IN,market,,0,0,NA,,,[],"{'state_or_länder': '', 'city': '', 'grid_zone': ''}",2026-01-06,3,"['utility-scale', 'PV', 'storage']",Energy Storage News,https://www.energy-storage.news/indias-biggest-solar-manufacturer-waaree-raises-funds-20gwh-energy-storage-factory/,trade,
2026-01-06,AER: 244 community battery storage systems now connected across Australia,The Australian Energy Regulator (AER) has confirmed that 244 community battery energy storage systems (BESS) are now connected to the country's distribution networks.,Global,,tech,,0,0,NA,,,[],"{'state_or_länder': '', 'city': '', 'grid_zone': ''}",2026-01-06,3,"['utility-scale', 'storage']",Energy Storage News,https://www.energy-storage.news/aer-244-community-battery-storage-systems-now-connected-across-australia/,trade,
2026-01-06,Full-scope integration: The forgotten advantage in Australia’s energy storage race,"In this blog, Kashish Shah, market development manager at Wärtsilä Energy Storage, argues that Australia's complex battery storage market makes full-scope integration the most viable path for successful project delivery.",Global,,project,,0,0,NA,,,[],"{'state_or_länder': '', 'city': '', 'grid_zone': ''}",2026-01-06,3,"['utility-scale', 'storage']",Energy Storage News,https://www.energy-storage.news/full-scope-integration-the-forgotten-advantage-in-australias-energy-storage-race/,trade,
2026-01-06,Australian battery storage projects attract international lenders in year-end financing spree,Atmos Renewables and Potentia Energy have secured financing packages for their Australian renewables and energy storage portfolios.,Global,,project,,0,0,NA,,,[],"{'state_or_länder': '', 'city': '', 'grid_zone': ''}",2026-01-06,3,"['utility-scale', 'storage']",Energy Storage News,https://www.energy-storage.news/australian-battery-storage-projects-attract-international-lenders-in-year-end-financing-spree/,trade,
2026-01-05,Why quality assurance in PV cell procurement matters more than ever,Don Cowan and Mahyar Mohammadnezhad of Kiwa PI Berlin explain the importance of upstream diligence in ensuring long-term PV performance.,Global,,market,,0,0,NA,,,[],"{'state_or_länder': '', 'city': '', 'grid_zone': ''}",2026-01-05,3,"['utility-scale', 'PV']",PV-Tech,https://www.pv-tech.org/why-quality-assurance-pv-cell-procurement-matters-more-than-ever/,trade,
2026-01-05,Genneia starts operations at 140MW solar PV plant in Argentina,Argentinian renewables developer Genneia has reached commercial operations at its 140MW Parque Solar San Rafael in Argentina.,Global,,market,,0,0,NA,,,[],"{'state_or_länder': '', 'city': '', 'grid_zone': ''}",2026-01-05,3,"['utility-scale', 'PV']",PV-Tech,https://www.pv-tech.org/genneia-starts-operations-at-140mw-solar-pv-plant-in-argentina/,trade,
2026-01-05,Nofar Energy to buy 1GW US solar portfolio from bankrupt Pine Gate,Israeli renewable energy developer Nofar Energy will acquire an almost 1GW US utility-scale solar portfolio from bankrupt IPP Pine Gate Renewables.,Global,,market,,0,0,NA,,,[],"{'state_or_länder': '', 'city': '', 'grid_zone': ''}",2026-01-05,3,"['utility-scale', 'PV']",PV-Tech,https://www.pv-tech.org/nofar-energy-to-buy-1gw-us-solar-portfolio-from-bankrupt-pine-gate/,trade,
2026-01-05,"Inox acquires 250MW solar PV portfolio from SunSource, in talks for further 50MW",Independent power producer Inox Clean Energy has acquired an operational solar PV portfolio in India from SunSource Energy.,India,IN,market,,0,0,NA,,,[],"{'state_or_länder': '', 'city': '', 'grid_zone': ''}",2026-01-05,3,"['utility-scale', 'PV']",PV-Tech,https://www.pv-tech.org/inox-acquires-250mw-solar-pv-portfolio-sunsource-in-talks-further-50mw/,trade,
2026-01-05,Google acquires data centre and energy developer Intersect for US$4.75 billion,Google parent company Alphabet has announced a definitive agreement to acquire Intersect Power.,Global,,market,,0,0,NA,,,[],"{'state_or_länder': '', 'city': '', 'grid_zone': ''}",2026-01-05,3,['utility-scale'],Energy Storage News,https://www.energy-storage.news/google-acquires-data-centre-and-energy-developer-intersect-for-us4-75-billion/,trade,
2026-01-05,Engie asks CEC to pause review of 1GWh Compass Energy Storage project in order to consider alternative sites,"In a surprising move, the North American development arm of Engie has asked the California Energy Commission (CEC) to pause the review of its Compass Energy Storage project destined for Orange County, in order to assess alternative development sites.",Global,,project,,0,0,NA,,,[],"{'state_or_länder': '', 'city': '', 'grid_zone': ''}",2026-01-05,3,"['utility-scale', 'storage']",Energy Storage News,https://www.energy-storage.news/engie-asks-cec-to-pause-review-of-1gwh-compass-energy-storage-project-in-order-to-consider-alternative-sites/,trade,
2026-01-05,"Zelestra’s solar-plus-storage Spain offtake deal is ‘PPA 2.0’, firm says","IPP Zelestra and utility EDP's recent PPA deal for a solar-plus-storage project in Spain was the first of its kind in Europe and 'moves the market forward', a Zelestra executive told Energy-Storage.news.",Europe,EU,project,,0,0,NA,,,[],"{'state_or_länder': '', 'city': '', 'grid_zone': ''}",2026-01-05,3,"['utility-scale', 'PV', 'storage']",Energy Storage News,https://www.energy-storage.news/zelestras-solar-plus-storage-spain-offtake-deal-is-ppa-2-0-firm-says/,trade,
2026-01-05,"India: KPI Group, POWERGRID win VGF-supported BESS tenders in Gujarat, Andhra Pradesh",Wins in competitive solicitations for large-scale battery storage projects in India have been announced by KPI Green Energy Ltd and Power Grid Corporation of India in the past few days.,India,IN,tender,,0,0,NA,,,[],"{'state_or_länder': '', 'city': '', 'grid_zone': ''}",2026-01-05,3,"['utility-scale', 'storage']",Energy Storage News,https://www.energy-storage.news/india-kpi-group-powergrid-win-vgf-supported-bess-tenders-in-gujarat-andhra-pradesh/,trade,
2026-01-02,Voltalia constructing hybrid renewables-plus-storage ‘cluster’ in Uzbekistan,"French renewable energy power producer Voltalia has begun construction of its Artemisya “strategic cluster” project in Uzbekistan, Central Asia.",Global,,project,,0,0,NA,,,[],"{'state_or_länder': '', 'city': '', 'grid_zone': ''}",2026-01-02,3,"['utility-scale', 'PV+BESS', 'storage']",Energy Storage News,https://www.energy-storage.news/voltalia-constructing-hybrid-renewables-plus-storage-cluster-in-uzbekistan/,trade,
